{
    "ConfigGeral": {
        "Status": "ON",
        "ColorEmbed": "#2dff00",
        "TermosCompra": "Não definido",
        "MercadoPagoConfig": {
            "PixToggle": "OFF",
            "SiteToggle": "OFF",
            "TimePagament": "20",
            "TokenAcessMP": ""
        },
        "SaldoConfig": {
            "SaldoStatus": "ON",
            "Bonus": "10",
            "ValorMinimo": "10"
        },
        "SemiAutoConfig": {
            "SemiAutoStatus": "ON",
            "pix": "",
            "qrcode": ""
        },
        "CashBack": {
            "ToggleCashBack": "OFF",
            "Porcentagem": "10"
        },
        "StatusBot": {
            "typestatus": null,
            "ativistatus": null,
            "textstatus": null,
            "urlstatus": null
        },
        "lenguage": "USD"
    },
    "emojis": {
        "1_a": "<:1_a:1382539154361024547>",
        "2_a": "<:2_a:1382539159662624780>",
        "3_a": "<:3_a:1382539164498788354>",
        "4_a": "<:4_a:1382539169800261672>",
        "5_a": "<:5_a:1382539175206846524>",
        "6_a": "<:6_a:1382539180302930030>",
        "7_a": "<:7_a:1382539185235427349>",
        "8_a": "<:8_a:1382539190075392104>",
        "loading_promisse": "<a:loading_promisse:1382539194714558510>",
        "certo": "<:certo:1382539200108429354>",
        "errado": "<:errado:1382539205053513891>",
        "bolsaV": "<:bolsaV:1382539209843150969>",
        "chavefenda": "<:chavefenda:1382539214834372648>",
        "pessoafone": "<:pessoafone:1382539219305627730>",
        "caixa": "<:caixa:1382539224296722445>",
        "dev": "<:dev:1382539229338275940>",
        "info": "<:info:1382539234128166922>",
        "desligado": "<:desligado:1382539238444105771>",
        "ligado": "<:ligado:1382539243552772179>",
        "bolinha": "<:bolinha:1382539248946778254>",
        "sacola": "<:sacola:1382539253967224897>",
        "entrada": "<:entrada:1382539259243925594>",
        "saida": "<:saida:1382539263937351790>",
        "lock": "<:lock:1382539268735635539>",
        "unlock": "<:unlock:1382539273458286733>",
        "calendarioooo": "<:calendarioooo:1382539278437056554>",
        "carrinhobranco": "<:carrinhobranco:1382539283553980497>",
        "dinheiro2": "<:dinheiro2:1382539288289349754>",
        "giveaway": "<a:giveaway:1382539293477834794>",
        "usuario2": "<:usuario2:1382539298892681278>",
        "estrelinha": "<a:estrelinha:1382539303837761588>",
        "setinha": "<a:setinha:1382539308954816565>"
    }
}